priority_rank,sku_id,description,category,subcategory,supplier,week_start,week_end,forecast_start_week,forecast_end_week,weekly_forecast_demand,forecast_weeks_available,lead_time_days,lead_time_weeks,ending_on_hand_units,ending_on_order_units,inventory_position_units,average_reorder_point,demand_rolling_std_13,safety_stock_units,lead_time_forecast_units,lead_time_need_units,projected_lead_time_balance_units,stockout_gap_units,stockout_risk_score,stockout_risk_level,forecast_horizon_units,overstock_threshold_units,excess_inventory_units,overstock_risk_score,overstock_risk_level,inventory_coverage_weeks,minimum_order_quantity,recommended_order_units,unit_cost,list_price,recommended_order_cost,potential_lost_revenue,excess_inventory_value,overall_risk_score,primary_risk,value_at_stake,recommended_action
1,SKU10148,ENERGY BAR PROTEIN,Food & Bev,Food & Bev,SUP123,2024-12-23,2024-12-29,2024-12-30,2025-02-17,125.68813903996265,8,1,1,59,0,59,24.0,62.87757743098686,103.74800276112832,125.68813903996265,229.43614180109097,-170.43614180109097,170.43614180109097,74.28478375830922,High,1005.5051123197012,1109.2531150808295,0.0,0.0,Low,0.4694158132235604,50,300.0,12.35,22.07,3705.0,3761.5256495500776,0.0,74.28478375830922,Stockout,3761.5256495500776,Expedite supply and place the recommended replenishment order
2,SKU10016,HANGING ORNAMENT GLASS,Home Decor,Home Decor,SUP127,2024-12-23,2024-12-29,2024-12-30,2025-02-17,17.40027885143225,8,8,2,80,0,80,75.0,61.73308966003856,144.05122486329435,34.8005577028645,178.85178256615885,-98.85178256615885,98.85178256615885,55.27022495794249,High,139.202230811458,283.25345567475233,0.0,0.0,Low,4.597627468103194,10,120.0,9.83,15.29,1179.6,1511.4437554365686,0.0,55.27022495794249,Stockout,1511.4437554365686,Expedite supply and place the recommended replenishment order
3,SKU10037,BLENDER COMPACT,Kitchenware,Kitchenware,SUP116,2024-12-23,2024-12-29,2024-12-30,2025-02-17,112.62420005622855,8,10,2,193,0,193,188.0,84.56790626018103,197.3351819581636,225.2484001124571,422.58358207062065,-229.58358207062065,229.58358207062065,54.328561688350256,High,900.9936004498284,1098.3287824079919,0.0,0.0,Low,1.7136636700073624,20,360.0,5.44,8.37,1958.4,1921.6145819310946,0.0,54.328561688350256,Stockout,1921.6145819310946,Expedite supply and place the recommended replenishment order
4,SKU10022,FIGURINE SET CERAMIC,Home Decor,Home Decor,SUP102,2024-12-23,2024-12-29,2024-12-30,2025-02-17,78.99987381803547,8,5,1,122,0,122,87.0,101.60020946879276,167.64034562350804,78.99987381803547,246.6402194415435,-124.64021944154351,124.64021944154351,50.535237003622306,High,631.9989905442837,799.6393361677917,0.0,0.0,Low,1.5443062640961802,10,210.0,10.34,16.48,2171.4,2054.070816396637,0.0,50.535237003622306,Stockout,2054.070816396637,Expedite supply and place the recommended replenishment order
5,SKU10097,UMBRELLA COMPACT,Apparel,Apparel,SUP118,2024-12-23,2024-12-29,2024-12-30,2025-02-17,14.222517181066278,8,20,3,223,30,253,228.0,5.019193928541524,14.344273180504,42.66755154319883,57.01182472370283,195.98817527629717,0.0,0.0,Low,113.78013744853023,128.12441062903423,124.87558937096577,49.35794046263723,High,17.788693575059003,10,0.0,31.29,68.83,0.0,0.0,3907.3571914175186,49.35794046263723,Overstock,3907.3571914175186,"Pause replenishment; consider transfer, promotion or markdown"
6,SKU10120,FACE CREAM MOISTURIZING,Beauty,Beauty,SUP127,2024-12-23,2024-12-29,2024-12-30,2025-02-17,164.5103192467956,8,8,2,323,0,323,220.0,135.5509649636036,316.30172152307597,329.0206384935912,645.3223600166672,-322.3223600166672,322.3223600166672,49.947496009256966,Medium,1316.0825539743648,1632.3842754974407,0.0,0.0,Low,1.963402669685668,10,490.0,20.96,42.14,10270.4,13582.664251102355,0.0,49.947496009256966,Stockout,13582.664251102355,Review supplier timing and place or expedite the recommended order
7,SKU10048,NOTEBOOK A5 RULED,Stationery,Stationery,SUP119,2024-12-23,2024-12-29,2024-12-30,2025-02-17,22.194158347173456,8,3,1,63,0,63,26.0,62.279662894530894,102.76144377597596,22.194158347173456,124.95560212314942,-61.95560212314942,61.95560212314942,49.582092415187226,Medium,177.55326677738765,280.3147105533636,0.0,0.0,Low,2.8385847759810807,100,100.0,6.18,10.07,618.0,623.8929133801147,0.0,49.582092415187226,Stockout,623.8929133801147,Review supplier timing and place or expedite the recommended order
8,SKU10036,TOASTER 2-SLICE,Kitchenware,Kitchenware,SUP102,2024-12-23,2024-12-29,2024-12-30,2025-02-17,65.10598408812376,8,9,2,144,0,144,107.0,59.21029449647226,138.16440248987658,130.21196817624752,268.3763706661241,-124.3763706661241,124.3763706661241,46.34400948077211,Medium,520.8478727049901,659.0122751948667,0.0,0.0,Low,2.211778256897089,10,190.0,6.45,12.92,1225.5,1606.9427090063234,0.0,46.34400948077211,Stockout,1606.9427090063234,Review supplier timing and place or expedite the recommended order
9,SKU10118,HDMI CABLE 2M,Electronics,Electronics,SUP129,2024-12-23,2024-12-29,2024-12-30,2025-02-17,73.15066111278433,8,15,3,187,65,252,208.0,86.62415130749389,247.5617615247371,219.451983338353,467.0137448630901,-215.0137448630901,215.0137448630901,46.040132057711325,Medium,585.2052889022747,832.7670504270118,0.0,0.0,Low,3.4449449419392693,20,300.0,59.14,130.77,17742.0,28117.347415746295,0.0,46.040132057711325,Stockout,28117.347415746295,Review supplier timing and place or expedite the recommended order
10,SKU10008,FAIRY LIGHTS LED,Home Decor,Home Decor,SUP124,2024-12-23,2024-12-29,2024-12-30,2025-02-17,24.96588910646371,8,8,2,93,0,93,85.0,52.444598362804726,122.37697275851563,49.93177821292742,172.30875097144306,-79.30875097144306,79.30875097144306,46.02711732506652,Medium,199.72711285170968,322.1040856102253,0.0,0.0,Low,3.725082635888267,100,200.0,2.55,5.51,509.99999999999994,436.99121785265123,0.0,46.02711732506652,Stockout,436.99121785265123,Review supplier timing and place or expedite the recommended order
11,SKU10119,CHARGER ADAPTER FAST,Electronics,Electronics,SUP106,2024-12-23,2024-12-29,2024-12-30,2025-02-17,106.33333221204694,8,12,2,100,200,300,234.0,142.0490615859038,331.4647205383077,212.66666442409388,544.1313849624016,-244.13138496240163,244.13138496240163,44.86625688367929,Medium,850.6666576963755,1182.1313782346833,0.0,0.0,Low,2.8213166441708837,10,360.0,114.13,189.13,41086.799999999996,46172.56883793902,0.0,44.86625688367929,Stockout,46172.56883793902,Review supplier timing and place or expedite the recommended order
12,SKU10071,DOLL HOUSE WOODEN,Toys,Toys,SUP100,2024-12-23,2024-12-29,2024-12-30,2025-02-17,54.07698077868312,8,15,3,154,0,154,153.0,39.361897494391386,112.49173046529653,162.23094233604937,274.7226728013459,-120.72267280134588,120.72267280134588,43.94346908826195,Medium,432.615846229465,545.1075766947615,0.0,0.0,Low,2.8477921249018037,100,200.0,1.86,3.24,372.0,391.14145987636067,0.0,43.94346908826195,Stockout,391.14145987636067,Review supplier timing and place or expedite the recommended order
13,SKU10039,MEASURING CUPS SET,Kitchenware,Kitchenware,SUP125,2024-12-23,2024-12-29,2024-12-30,2025-02-17,20.15657972424127,8,11,2,83,0,83,74.0,43.645571338177,101.84486222455438,40.31315944848254,142.1580216730369,-59.1580216730369,59.1580216730369,41.61426909040987,Medium,161.25263779393015,263.09750001848454,0.0,0.0,Low,4.117762097315559,100,100.0,5.89,12.3,589.0,727.6436665783539,0.0,41.61426909040987,Stockout,727.6436665783539,Review supplier timing and place or expedite the recommended order
14,SKU10013,SCENTED CANDLE LAVENDER,Home Decor,Home Decor,SUP101,2024-12-23,2024-12-29,2024-12-30,2025-02-17,78.45898959905907,8,8,2,81,112,193,127.0,70.01730555314936,163.38204813824,156.91797919811813,320.30002733635814,-127.30002733635814,127.30002733635814,39.74399515185759,Medium,627.6719167924725,791.0539649307125,0.0,0.0,Low,2.4598838321302394,20,220.0,1.39,2.24,305.79999999999995,285.1520612334423,0.0,39.74399515185759,Stockout,285.1520612334423,Review supplier timing and place or expedite the recommended order
15,SKU10050,MARKER SET 12 COLORS,Stationery,Stationery,SUP102,2024-12-23,2024-12-29,2024-12-30,2025-02-17,52.811359759815865,8,3,1,62,0,62,37.0,30.190633629891853,49.81454548932155,52.811359759815865,102.62590524913742,-40.62590524913742,40.62590524913742,39.58640379358117,Medium,422.4908780785269,472.3054235678485,0.0,0.0,Low,1.1739898438891507,50,100.0,6.49,13.3,649.0,540.3245398135277,0.0,39.58640379358117,Stockout,540.3245398135277,Review supplier timing and place or expedite the recommended order
16,SKU10126,PERFUME 50ML FLORAL,Beauty,Beauty,SUP110,2024-12-23,2024-12-29,2024-12-30,2025-02-17,45.174573904838866,8,8,2,102,0,102,80.0,33.14652783765307,77.34584420241741,90.34914780967773,167.69499201209516,-65.69499201209516,65.69499201209516,39.17528557260976,Medium,361.3965912387109,438.74243544112835,0.0,0.0,Low,2.2579072957027777,100,200.0,23.14,36.72,4628.0,2412.320106684134,0.0,39.17528557260976,Stockout,2412.320106684134,Review supplier timing and place or expedite the recommended order
17,SKU10083,KITE COLORFUL,Toys,Toys,SUP121,2024-12-23,2024-12-29,2024-12-30,2025-02-17,91.81572538337291,8,16,3,0,333,333,266.0,92.58675765090652,264.60219779307033,275.4471761501187,540.049373943189,-207.04937394318904,207.04937394318904,38.338971200175195,Medium,734.5258030669833,999.1280008600536,0.0,0.0,Low,3.626829702750501,10,300.0,10.36,16.16,3108.0,3345.917882921935,0.0,38.338971200175195,Stockout,3345.917882921935,Review supplier timing and place or expedite the recommended order
18,SKU10046,BAKING TRAY NON-STICK,Kitchenware,Kitchenware,SUP127,2024-12-23,2024-12-29,2024-12-30,2025-02-17,70.9753921850256,8,10,2,195,0,195,144.0,73.78346698278688,172.17020648184172,141.9507843700512,314.1209908518929,-119.12099085189288,119.12099085189288,37.922009136816605,Medium,567.8031374802048,739.9733439620466,0.0,0.0,Low,2.7474311024820395,10,200.0,14.98,24.26,2996.0,2889.8752380669216,0.0,37.922009136816605,Stockout,2889.8752380669216,Review supplier timing and place or expedite the recommended order
19,SKU10076,RC HELICOPTER MINI,Toys,Toys,SUP111,2024-12-23,2024-12-29,2024-12-30,2025-02-17,128.26035606935116,8,15,3,147,213,360,341.0,65.8234818984135,188.1158647155851,384.7810682080535,572.8969329236386,-212.8969329236386,212.8969329236386,37.16147193122502,Medium,1026.0828485548093,1214.1987132703944,0.0,0.0,Low,2.806790898080353,10,350.0,16.64,27.55,5824.0,5865.3105020462435,0.0,37.16147193122502,Stockout,5865.3105020462435,Review supplier timing and place or expedite the recommended order
20,SKU10024,INCENSE HOLDER WOOD,Home Decor,Home Decor,SUP114,2024-12-23,2024-12-29,2024-12-30,2025-02-17,138.64086750603218,8,5,1,195,0,195,172.0,102.58411183024398,169.26378451990257,138.64086750603218,307.90465202593475,-112.90465202593475,112.90465202593475,36.66870613441012,Medium,1109.1269400482574,1278.39072456816,0.0,0.0,Low,1.406511683804313,50,300.0,10.77,19.62,3231.0,2215.18927274884,0.0,36.66870613441012,Stockout,2215.18927274884,Review supplier timing and place or expedite the recommended order
21,SKU10063,TAPE DISPENSER,Stationery,Stationery,SUP116,2024-12-23,2024-12-29,2024-12-30,2025-02-17,110.86664071795511,8,7,1,187,0,187,185.0,110.50002900568133,182.32504785937417,110.86664071795511,293.1916885773293,-106.19168857732927,106.19168857732927,36.21920153748118,Medium,886.9331257436409,1069.258173603015,0.0,0.0,Low,1.686711158460445,20,220.0,7.26,11.34,1597.2,1204.213748466914,0.0,36.21920153748118,Stockout,1204.213748466914,Review supplier timing and place or expedite the recommended order
22,SKU10079,BABY RATTLE WOODEN,Toys,Toys,SUP127,2024-12-23,2024-12-29,2024-12-30,2025-02-17,59.20930690730787,8,14,2,139,69,208,200.0,87.47080098890729,204.10894856574853,118.41861381461574,322.52756238036426,-114.52756238036426,114.52756238036426,35.5093876426425,Medium,473.67445525846296,677.7834038242115,0.0,0.0,Low,3.5129612364087266,20,180.0,16.77,36.59,3018.6,4190.563507497529,0.0,35.5093876426425,Stockout,4190.563507497529,Review supplier timing and place or expedite the recommended order
23,SKU10042,FRUIT BASKET WIRE,Kitchenware,Kitchenware,SUP108,2024-12-23,2024-12-29,2024-12-30,2025-02-17,180.5480064266975,8,8,2,40,401,441,329.0,136.32107649749503,318.0987401130951,361.096012853395,679.1947529664901,-238.1947529664901,238.1947529664901,35.07016977469073,Medium,1444.38405141358,1762.482791526675,0.0,0.0,Low,2.4425636634157244,100,500.0,16.29,29.24,8145.0,6964.81457674017,0.0,35.07016977469073,Stockout,6964.81457674017,Review supplier timing and place or expedite the recommended order
24,SKU10055,PAPER CLIPS BOX,Stationery,Stationery,SUP113,2024-12-23,2024-12-29,2024-12-30,2025-02-17,106.19485366763911,8,3,1,187,0,187,62.0,109.92106725119176,181.3697609644664,106.19485366763911,287.56461463210553,-100.56461463210553,100.56461463210553,34.971136751443744,Medium,849.5588293411129,1030.9285903055793,0.0,0.0,Low,1.7609139571420187,10,210.0,2.22,3.75,466.20000000000005,377.11730487039574,0.0,34.971136751443744,Stockout,377.11730487039574,Review supplier timing and place or expedite the recommended order
25,SKU10108,POWER BANK 10000MAH,Electronics,Electronics,SUP120,2024-12-23,2024-12-29,2024-12-30,2025-02-17,185.70460114873205,8,16,3,0,600,600,482.0,124.87634909822825,356.8820991480348,557.1138034461961,913.995902594231,-313.995902594231,313.995902594231,34.35419149064677,Medium,1485.6368091898564,1842.5189083378912,0.0,0.0,Low,3.2309377166129343,20,500.0,122.2,201.02,61100.0,63119.45633949232,0.0,34.35419149064677,Stockout,63119.45633949232,Review supplier timing and place or expedite the recommended order
26,SKU10020,CURTAIN TIE BACK,Home Decor,Home Decor,SUP107,2024-12-23,2024-12-29,2024-12-30,2025-02-17,52.85791832642106,8,5,1,81,0,81,68.0,42.35064253440466,69.8785601817677,52.85791832642106,122.73647850818875,-41.73647850818875,41.73647850818875,34.00495029280486,Medium,422.86334661136846,492.74190679313614,0.0,0.0,Low,1.5324099503841435,100,100.0,4.69,9.92,469.00000000000006,414.02586680123244,0.0,34.00495029280486,Stockout,414.02586680123244,Review supplier timing and place or expedite the recommended order
27,SKU10140,BISCUITS PACK BUTTER,Food & Bev,Food & Bev,SUP112,2024-12-23,2024-12-29,2024-12-30,2025-02-17,210.066126733617,8,3,1,271,0,271,105.0,121.15062673785212,199.898534117456,210.066126733617,409.964660851073,-138.964660851073,138.964660851073,33.89674138308605,Medium,1680.529013868936,1880.427547986392,0.0,0.0,Low,1.2900699613681776,10,350.0,6.69,14.07,2341.5,1955.2327781745973,0.0,33.89674138308605,Stockout,1955.2327781745973,Review supplier timing and place or expedite the recommended order
28,SKU10109,PHONE CASE SILICONE,Electronics,Electronics,SUP104,2024-12-23,2024-12-29,2024-12-30,2025-02-17,117.47469629027006,8,13,2,233,108,341,278.0,119.00667940745916,277.69641905117584,234.94939258054012,512.645811631716,-171.64581163171601,171.64581163171601,33.48233960695875,Medium,939.7975703221605,1217.4939893733363,0.0,0.0,Low,2.902752769476567,50,300.0,158.37,243.95,47511.0,41872.99574755712,0.0,33.48233960695875,Stockout,41872.99574755712,Review supplier timing and place or expedite the recommended order
29,SKU10011,WALL CLOCK ROMAN,Home Decor,Home Decor,SUP117,2024-12-23,2024-12-29,2024-12-30,2025-02-17,64.4867985441639,8,8,2,0,201,201,110.0,73.99610176842477,172.66637962801602,128.9735970883278,301.6399767163438,-100.63997671634382,100.63997671634382,33.364270151316845,Medium,515.8943883533112,688.5607679813272,0.0,0.0,Low,3.116917020812326,100,200.0,1.46,2.31,292.0,232.47834621475423,0.0,33.364270151316845,Stockout,232.47834621475423,Review supplier timing and place or expedite the recommended order
30,SKU10144,SPICE MIX CURRY,Food & Bev,Food & Bev,SUP116,2024-12-23,2024-12-29,2024-12-30,2025-02-17,928.8659664211632,8,1,1,958,0,958,245.0,303.34238504386883,500.51493532238356,928.8659664211632,1429.3809017435467,-471.3809017435467,471.3809017435467,32.9779767707985,Medium,7430.927731369306,7931.442666691689,0.0,0.0,Low,1.031365164223949,100,1500.0,10.8,17.27,16200.000000000002,8140.748173111051,0.0,32.9779767707985,Stockout,8140.748173111051,Review supplier timing and place or expedite the recommended order
31,SKU10007,DREAM CATCHER FEATHER,Home Decor,Home Decor,SUP118,2024-12-23,2024-12-29,2024-12-30,2025-02-17,36.24540048927983,8,9,2,70,69,139,89.0,55.8064420507075,130.22167490623295,72.49080097855966,202.7124758847926,-63.71247588479261,63.71247588479261,31.429972726833036,Medium,289.96320391423865,420.18487882047157,0.0,0.0,Low,3.8349693512453125,50,100.0,13.37,24.61,1337.0,1567.9640315247461,0.0,31.429972726833036,Stockout,1567.9640315247461,Review supplier timing and place or expedite the recommended order
32,SKU10028,IVORY KNITTED MUG COSY,Kitchenware,Kitchenware,SUP101,2024-12-23,2024-12-29,2024-12-30,2025-02-17,82.96639706705425,8,11,2,212,0,212,161.0,60.60549183882301,141.42002904604647,165.9327941341085,307.3528231801549,-95.35282318015493,95.35282318015493,31.023896964158876,Medium,663.731176536434,805.1512055824804,0.0,0.0,Low,2.5552513727775783,20,180.0,16.34,27.75,2941.2,2646.040843249299,0.0,31.023896964158876,Stockout,2646.040843249299,Review supplier timing and place or expedite the recommended order
33,SKU10030,CUTLERY SET STAINLESS,Kitchenware,Kitchenware,SUP125,2024-12-23,2024-12-29,2024-12-30,2025-02-17,38.41534695429059,8,10,2,94,0,94,77.0,25.400131233256783,59.26999662561152,76.83069390858118,136.1006905341927,-42.100690534192694,42.100690534192694,30.933487823345295,Medium,307.3227756343247,366.5927722599362,0.0,0.0,Low,2.4469387224810992,50,100.0,6.3,10.02,630.0,421.8489191526108,0.0,30.933487823345295,Stockout,421.8489191526108,Review supplier timing and place or expedite the recommended order
34,SKU10147,CEREAL BOX MUESLI,Food & Bev,Food & Bev,SUP118,2024-12-23,2024-12-29,2024-12-30,2025-02-17,258.4770428802405,8,3,1,341,0,341,178.0,141.46282468984836,233.41366073824977,258.4770428802405,491.8907036184903,-150.8907036184903,150.8907036184903,30.675656707514065,Medium,2067.816343041924,2301.230003780174,0.0,0.0,Low,1.319266098838784,50,450.0,10.76,18.63,4842.0,2811.093808412474,0.0,30.675656707514065,Stockout,2811.093808412474,Review supplier timing and place or expedite the recommended order
35,SKU10146,DRIED FRUIT MIX,Food & Bev,Food & Bev,SUP101,2024-12-23,2024-12-29,2024-12-30,2025-02-17,40.64359955760793,8,4,1,71,0,71,51.0,36.463539921265735,60.16484087008846,40.64359955760793,100.80844042769638,-29.808440427696382,29.808440427696382,29.569389528231444,Medium,325.1487964608634,385.3136373309519,0.0,0.0,Low,1.7468925186944906,20,80.0,10.55,21.42,844.0,638.4967939612566,0.0,29.569389528231444,Stockout,638.4967939612566,Review supplier timing and place or expedite the recommended order
36,SKU10078,STUFFED ANIMAL DOG,Toys,Toys,SUP117,2024-12-23,2024-12-29,2024-12-30,2025-02-17,59.46554796636891,8,16,3,103,163,266,255.0,69.42326514641718,198.40362706051826,178.39664389910672,376.800270959625,-110.80027095962498,110.80027095962498,29.405570934741558,Medium,475.7243837309513,674.1280107914695,0.0,0.0,Low,4.473178320839453,100,200.0,17.14,35.88,3428.0,3975.5137220313445,0.0,29.405570934741558,Stockout,3975.5137220313445,Review supplier timing and place or expedite the recommended order
37,SKU10014,FLOWER POT TERRACOTTA,Home Decor,Home Decor,SUP124,2024-12-23,2024-12-29,2024-12-30,2025-02-17,50.0941755123897,8,8,2,117,0,117,90.0,27.89724735984553,65.09689818913144,100.1883510247794,165.28524921391084,-48.285249213910845,48.285249213910845,29.213283970143237,Medium,400.7534040991176,465.850302288249,0.0,0.0,Low,2.3356008718231647,20,100.0,12.83,22.53,1283.0,1087.8666647894113,0.0,29.213283970143237,Stockout,1087.8666647894113,Review supplier timing and place or expedite the recommended order
38,SKU10115,SMART PLUG WIFI,Electronics,Electronics,SUP103,2024-12-23,2024-12-29,2024-12-30,2025-02-17,117.92998925481147,8,16,3,105,269,374,327.0,58.71661626525345,167.80526832290778,353.78996776443444,521.5952360873422,-147.5952360873422,147.5952360873422,28.296891128496444,Medium,943.4399140384918,1111.2451823613997,0.0,0.0,Low,3.17137313725941,100,300.0,44.6,70.62,13380.0,10423.175572488106,0.0,28.296891128496444,Stockout,10423.175572488106,Review supplier timing and place or expedite the recommended order
39,SKU10064,BINDER CLIPS BOX,Stationery,Stationery,SUP119,2024-12-23,2024-12-29,2024-12-30,2025-02-17,18.84382711002198,8,3,1,72,0,72,23.0,49.10219588802156,81.01862321523558,18.84382711002198,99.86245032525756,-27.862450325257555,27.862450325257555,27.900827822899394,Medium,150.75061688017584,231.76924009541142,0.0,0.0,Low,3.8208798870643013,50,50.0,9.33,14.52,466.5,404.56277872273967,0.0,27.900827822899394,Stockout,404.56277872273967,Review supplier timing and place or expedite the recommended order
40,SKU10065,INDEX CARDS PACK,Stationery,Stationery,SUP102,2024-12-23,2024-12-29,2024-12-30,2025-02-17,82.08541358859401,8,3,1,129,0,129,44.0,58.481971800214,96.49525347035309,82.08541358859401,178.58066705894709,-49.580667058947085,49.580667058947085,27.763737181194163,Medium,656.6833087087521,753.1785621791051,0.0,0.0,Low,1.5715337763483586,100,200.0,2.41,4.93,482.0,244.4326886006091,0.0,27.763737181194163,Stockout,244.4326886006091,Review supplier timing and place or expedite the recommended order
41,SKU10125,BODY LOTION VANILLA,Beauty,Beauty,SUP120,2024-12-23,2024-12-29,2024-12-30,2025-02-17,60.90172054953699,8,8,2,92,98,190,113.0,60.4847935964921,141.13838544546917,121.80344109907398,262.9418265445431,-72.94182654454312,72.94182654454312,27.740670817888745,Medium,487.2137643962959,628.3521498417651,0.0,0.0,Low,3.119780496931207,20,140.0,8.21,16.14,1149.4,1177.281080428926,0.0,27.740670817888745,Stockout,1177.281080428926,Review supplier timing and place or expedite the recommended order
42,SKU10077,BUILDING BLOCKS 200PC,Toys,Toys,SUP129,2024-12-23,2024-12-29,2024-12-30,2025-02-17,78.03532427999488,8,15,3,189,87,276,266.0,50.78814721404884,145.14662480508352,234.10597283998464,379.25259764506814,-103.25259764506814,103.25259764506814,27.225284226379138,Medium,624.282594239959,769.4292190450426,0.0,0.0,Low,3.53685978172779,50,200.0,15.14,24.49,3028.0,2528.6561163277183,0.0,27.225284226379138,Stockout,2528.6561163277183,Review supplier timing and place or expedite the recommended order
43,SKU10117,TABLET STAND ALUMINUM,Electronics,Electronics,SUP106,2024-12-23,2024-12-29,2024-12-30,2025-02-17,198.3799301376641,8,14,2,292,131,423,389.0,75.81429741353332,176.9090525796104,396.7598602753282,573.6689128549386,-150.66891285493864,150.66891285493864,26.264088828668157,Medium,1587.0394411013128,1763.9484936809233,0.0,0.0,Low,2.13227214923638,20,360.0,90.3,180.69,32508.0,27224.365863758863,0.0,26.264088828668157,Stockout,27224.365863758863,Review supplier timing and place or expedite the recommended order
44,SKU10085,RED WOOLLY HOTTIE WHITE HEART,Apparel,Apparel,SUP114,2024-12-23,2024-12-29,2024-12-30,2025-02-17,71.30705464384711,8,23,4,204,117,321,301.0,45.2578085060383,149.35076806992637,285.22821857538844,434.5789866453148,-113.57898664531479,113.57898664531479,26.13540694220263,Medium,570.4564371507769,719.8072052207033,0.0,0.0,Low,4.501658378729547,10,190.0,4.28,9.04,813.2,1026.7540392736455,0.0,26.13540694220263,Stockout,1026.7540392736455,Review supplier timing and place or expedite the recommended order
45,SKU10029,SET 7 BABUSHKA NESTING BOXES,Kitchenware,Kitchenware,SUP127,2024-12-23,2024-12-29,2024-12-30,2025-02-17,66.03631985480705,8,11,2,209,0,209,166.0,64.41273166075167,150.30404186182088,132.0726397096141,282.376681571435,-73.37668157143497,73.37668157143497,25.98538985685065,Medium,528.2905588384564,678.5946007002773,0.0,0.0,Low,3.164925005807786,100,200.0,21.19,36.75,4238.0,2696.593047750235,0.0,25.98538985685065,Stockout,2696.593047750235,Review supplier timing and place or expedite the recommended order
46,SKU10010,TABLE RUNNER LINEN,Home Decor,Home Decor,SUP128,2024-12-23,2024-12-29,2024-12-30,2025-02-17,37.811786273763445,8,8,2,115,0,115,72.0,33.402748236388994,77.94372230111824,75.62357254752689,153.56729484864513,-38.56729484864513,38.56729484864513,25.114263350413026,Medium,302.49429019010756,380.4380124912258,0.0,0.0,Low,3.0413797213223783,100,100.0,9.46,17.58,946.0000000000001,678.0130434391814,0.0,25.114263350413026,Stockout,678.0130434391814,Review supplier timing and place or expedite the recommended order
47,SKU10141,JAM JAR STRAWBERRY,Food & Bev,Food & Bev,SUP127,2024-12-23,2024-12-29,2024-12-30,2025-02-17,162.41571422281993,8,2,1,245,0,245,49.0,99.29540232597338,163.83741383785608,162.41571422281993,326.253128060676,-81.25312806067598,81.25312806067598,24.904934565199206,Medium,1299.3257137825594,1463.1631276204155,0.0,0.0,Low,1.508474725936197,50,250.0,4.39,7.01,1097.5,569.5844277053386,0.0,24.904934565199206,Stockout,569.5844277053386,Review supplier timing and place or expedite the recommended order
48,SKU10128,HAIR DRYER COMPACT,Beauty,Beauty,SUP125,2024-12-23,2024-12-29,2024-12-30,2025-02-17,58.47335345427716,8,11,2,169,103,272,199.0,101.98856145012866,237.98545123599473,116.94670690855432,354.932158144549,-82.93215814454902,82.93215814454902,23.365636570620513,Medium,467.7868276342173,705.772278870212,0.0,0.0,Low,4.65169147879792,100,200.0,11.03,22.8,2206.0,1890.8532056957176,0.0,23.365636570620513,Stockout,1890.8532056957176,Review supplier timing and place or expedite the recommended order
49,SKU10111,WEBCAM HD,Electronics,Electronics,SUP128,2024-12-23,2024-12-29,2024-12-30,2025-02-17,57.076728856713075,8,12,2,146,72,218,157.0,72.84704735054338,169.98511586425624,114.15345771342615,284.1385735776824,-66.1385735776824,66.1385735776824,23.27687252901887,Medium,456.6138308537046,626.5989467179609,0.0,0.0,Low,3.8194200047321027,20,140.0,109.09,176.69,15272.6,11686.024565440703,0.0,23.27687252901887,Stockout,11686.024565440703,Review supplier timing and place or expedite the recommended order
50,SKU10092,GLOVES PAIR LEATHER,Apparel,Apparel,SUP117,2024-12-23,2024-12-29,2024-12-30,2025-02-17,185.72253125551615,8,22,4,58,850,908,856.0,129.89709931425097,428.66042773702816,742.8901250220646,1171.5505527590926,-263.5505527590926,263.5505527590926,22.495875413842416,Medium,1485.7802500441292,1914.4406777811573,0.0,0.0,Low,4.889013701578179,50,450.0,32.02,50.18,14409.000000000002,13224.966737451268,0.0,22.495875413842416,Stockout,13224.966737451268,Review supplier timing and place or expedite the recommended order
51,SKU10073,PUZZLE 500PC LANDSCAPE,Toys,Toys,SUP124,2024-12-23,2024-12-29,2024-12-30,2025-02-17,125.77803223366439,8,14,2,298,0,298,295.0,56.52898054118474,131.90768406497259,251.55606446732878,383.46374853230134,-85.46374853230134,85.46374853230134,22.287308476795786,Medium,1006.2242578693151,1138.1319419342876,0.0,0.0,Low,2.369253157390711,20,220.0,2.43,4.3,534.6,367.49411868889575,0.0,22.287308476795786,Stockout,367.49411868889575,Review supplier timing and place or expedite the recommended order
52,SKU10094,T-SHIRT COTTON WHITE,Apparel,Apparel,SUP110,2024-12-23,2024-12-29,2024-12-30,2025-02-17,175.0701064286022,8,20,3,325,401,726,628.0,142.033130840696,405.9141883073698,525.2103192858066,931.1245075931763,-205.1245075931763,205.1245075931763,22.02976142505083,Medium,1400.5608514288176,1806.4750397361875,0.0,0.0,Low,4.14691014251528,100,400.0,32.59,53.07,13036.000000000002,10885.957617969867,0.0,22.02976142505083,Stockout,10885.957617969867,Review supplier timing and place or expedite the recommended order
53,SKU10038,MIXING BOWL CERAMIC,Kitchenware,Kitchenware,SUP100,2024-12-23,2024-12-29,2024-12-30,2025-02-17,54.859519487423654,8,12,2,141,69,210,145.0,68.3892516671278,159.58306192652825,109.71903897484731,269.3021009013755,-59.302100901375525,59.302100901375525,22.020660330040677,Medium,438.87615589938923,598.4592178259174,0.0,0.0,Low,3.8279591575376766,10,120.0,10.87,23.62,1304.3999999999999,1400.71562329049,0.0,22.020660330040677,Stockout,1400.71562329049,Review supplier timing and place or expedite the recommended order
54,SKU10089,TOTE BAG CANVAS,Apparel,Apparel,SUP125,2024-12-23,2024-12-29,2024-12-30,2025-02-17,36.492849171317864,8,20,3,140,50,190,166.0,46.254036552887975,132.18866325183745,109.4785475139536,241.66721076579105,-51.667210765791054,51.667210765791054,21.3794873544719,Medium,291.9427933705429,424.13145662238037,0.0,0.0,Low,5.206499473582718,50,100.0,36.08,71.84,3608.0,3711.7724214144296,0.0,21.3794873544719,Stockout,3711.7724214144296,Review supplier timing and place or expedite the recommended order
55,SKU10033,CUTTING BOARD BAMBOO,Kitchenware,Kitchenware,SUP129,2024-12-23,2024-12-29,2024-12-30,2025-02-17,25.70156717495176,8,8,2,84,0,84,80.0,23.715190414800706,55.33826746613812,51.40313434990352,106.74140181604164,-22.741401816041645,22.741401816041645,21.305136928050814,Medium,205.61253739961407,260.95080486575216,0.0,0.0,Low,3.2682831917683504,10,50.0,1.27,2.3,63.5,52.30522417689578,0.0,21.305136928050814,Stockout,52.30522417689578,Review supplier timing and place or expedite the recommended order
56,SKU10093,SOCKS PACK COTTON,Apparel,Apparel,SUP110,2024-12-23,2024-12-29,2024-12-30,2025-02-17,31.547633272234638,8,21,3,202,25,227,209.0,66.3125853391268,189.51366553121417,94.64289981670392,284.1565653479181,-57.156565347918104,57.156565347918104,20.11446234850675,Medium,252.3810661778771,441.8947317090913,0.0,0.0,Low,7.19546845372343,10,90.0,29.42,54.32,2647.8,3104.7446296989115,0.0,20.11446234850675,Stockout,3104.7446296989115,Review supplier timing and place or expedite the recommended order
57,SKU10069,POPPY'S PLAYHOUSE BEDROOM,Toys,Toys,SUP122,2024-12-23,2024-12-29,2024-12-30,2025-02-17,21.902690218819203,8,13,2,105,0,105,93.0,37.3834942324235,87.232603511443,43.805380437638405,131.03798394908142,-26.037983949081422,26.037983949081422,19.87056207992373,Medium,175.22152175055362,262.45412526199664,0.0,0.0,Low,4.793931656385389,20,60.0,20.36,36.32,1221.6,945.6995770306372,0.0,19.87056207992373,Stockout,945.6995770306372,Review supplier timing and place or expedite the recommended order
58,SKU10032,WOODEN SPOON SET,Kitchenware,Kitchenware,SUP108,2024-12-23,2024-12-29,2024-12-30,2025-02-17,24.110949873465287,8,12,2,129,0,129,92.0,47.830496654921006,111.6101861563099,48.221899746930575,159.83208590324045,-30.832085903240454,30.832085903240454,19.29029814558809,Medium,192.8875989877223,304.4977851440322,0.0,0.0,Low,5.350266193451291,50,100.0,13.44,29.85,1344.0,920.3377642117276,0.0,19.29029814558809,Stockout,920.3377642117276,Review supplier timing and place or expedite the recommended order
59,SKU10057,CALENDAR DESK 2025,Stationery,Stationery,SUP121,2024-12-23,2024-12-29,2024-12-30,2025-02-17,173.71694823335727,8,5,1,0,313,313,123.0,127.7291806508739,210.75314807394193,173.71694823335727,384.4700963072992,-71.47009630729917,71.47009630729917,18.589247120532537,Medium,1389.7355858668582,1600.4887339408,0.0,0.0,Low,1.8017815946175912,50,250.0,4.1,8.74,1025.0,624.6486417257947,0.0,18.589247120532537,Stockout,624.6486417257947,Review supplier timing and place or expedite the recommended order
60,SKU10082,WOODEN TRAIN SET,Toys,Toys,SUP107,2024-12-23,2024-12-29,2024-12-30,2025-02-17,208.70663867626337,8,12,2,415,276,691,596.0,184.4543929455817,430.41554183584736,417.41327735252673,847.8288191883742,-156.82881918837415,156.82881918837415,18.497698549374775,Medium,1669.653109410107,2100.0686512459542,0.0,0.0,Low,3.310867370500126,10,370.0,5.18,10.35,1916.6,1623.1782785996725,0.0,18.497698549374775,Stockout,1623.1782785996725,Review supplier timing and place or expedite the recommended order
61,SKU10099,WALLET LEATHER BIFOLD,Apparel,Apparel,SUP128,2024-12-23,2024-12-29,2024-12-30,2025-02-17,106.50335773758057,8,23,4,203,268,471,449.0,42.75826505798893,141.10227469136345,426.0134309503223,567.1157056416857,-96.11570564168574,96.11570564168574,16.948165019122914,Medium,852.0268619006446,993.1291365920081,0.0,0.0,Low,4.422395781741667,10,210.0,42.5,71.18,8925.0,6841.515927575191,0.0,16.948165019122914,Stockout,6841.515927575191,Review supplier timing and place or expedite the recommended order
62,SKU10110,SCREEN PROTECTOR GLASS,Electronics,Electronics,SUP114,2024-12-23,2024-12-29,2024-12-30,2025-02-17,63.85587146179412,8,13,2,26,200,226,163.0,61.25085033423346,142.92594236177,127.71174292358825,270.63768528535826,-44.63768528535826,44.63768528535826,16.493521675714785,Medium,510.846971694353,653.772914056123,0.0,0.0,Low,3.5392203540001645,100,200.0,116.32,223.61,23264.0,9981.43280665896,0.0,16.493521675714785,Stockout,9981.43280665896,Review supplier timing and place or expedite the recommended order
63,SKU10074,BOARD GAME FAMILY,Toys,Toys,SUP125,2024-12-23,2024-12-29,2024-12-30,2025-02-17,79.6424682869582,8,13,2,0,262,262,189.0,65.98814967428544,153.98020477171235,159.2849365739164,313.26514134562876,-51.26514134562876,51.26514134562876,16.364776854921033,Medium,637.1397462956656,791.119951067378,0.0,0.0,Low,3.289702160611007,20,140.0,14.46,28.5,2024.4,1461.0565283504197,0.0,16.364776854921033,Stockout,1461.0565283504197,Review supplier timing and place or expedite the recommended order
64,SKU10107,USB CABLE TYPE-C,Electronics,Electronics,SUP103,2024-12-23,2024-12-29,2024-12-30,2025-02-17,119.96392919635298,8,16,3,141,333,474,388.0,70.68075573145232,201.99738907299687,359.89178758905894,561.8891766620558,-87.88917666205577,87.88917666205577,15.641727997683017,Medium,959.7114335708238,1161.7088226438207,0.0,0.0,Low,3.9511876876271077,10,210.0,87.8,156.57,18438.0,13760.808389978072,0.0,15.641727997683017,Stockout,13760.808389978072,Review supplier timing and place or expedite the recommended order
65,SKU10012,DECORATIVE PILLOW,Home Decor,Home Decor,SUP103,2024-12-23,2024-12-29,2024-12-30,2025-02-17,40.442186535103374,8,6,1,89,0,89,58.0,39.39445490069735,65.00085058615062,40.442186535103374,105.443037121254,-16.443037121253994,16.443037121253994,15.594237011771025,Medium,323.537492280827,388.5383428669776,0.0,0.0,Low,2.2006723084259794,20,60.0,10.3,19.25,618.0,316.5284645841394,0.0,15.594237011771025,Stockout,316.5284645841394,Review supplier timing and place or expedite the recommended order
66,SKU10017,WALL ART CANVAS,Home Decor,Home Decor,SUP124,2024-12-23,2024-12-29,2024-12-30,2025-02-17,110.27045678809525,8,5,1,210,0,210,106.0,83.94900772156814,138.5158627405874,110.27045678809525,248.78631952868267,-38.78631952868267,38.78631952868267,15.590213964339418,Medium,882.163654304762,1020.6795170453494,0.0,0.0,Low,1.904408543473736,50,150.0,2.94,4.81,441.0,186.56219693296362,0.0,15.590213964339418,Stockout,186.56219693296362,Review supplier timing and place or expedite the recommended order
67,SKU10054,STAPLER STANDARD,Stationery,Stationery,SUP115,2024-12-23,2024-12-29,2024-12-30,2025-02-17,31.514997066182012,8,5,1,87,0,87,36.0,43.17896567685563,71.2452933668118,31.514997066182012,102.7602904329938,-15.760290432993799,15.760290432993799,15.336946174862295,Medium,252.1199765294561,323.3652698962679,0.0,0.0,Low,2.7605904521361233,10,50.0,1.58,2.83,79.0,44.60162192537245,0.0,15.336946174862295,Stockout,44.60162192537245,Review supplier timing and place or expedite the recommended order
68,SKU10088,LUNCH BAG SPACEBOY DESIGN,Apparel,Apparel,SUP121,2024-12-23,2024-12-29,2024-12-30,2025-02-17,15.525874362196975,8,20,3,133,20,153,145.0,2.358835001457916,6.741276414174913,46.577623086590926,53.31889950076584,99.68110049923416,0.0,0.0,Low,124.2069948975758,130.94827131175072,22.051728688249284,14.412894567388992,Medium,9.85451746102819,10,0.0,20.79,39.24,0.0,0.0,458.4554394287026,14.412894567388992,Overstock,458.4554394287026,Reduce or defer replenishment and monitor weekly demand
69,SKU10026,RETROSPOT TEA SET CERAMIC 11 PC,Kitchenware,Kitchenware,SUP122,2024-12-23,2024-12-29,2024-12-30,2025-02-17,37.50273993811965,8,12,2,180,0,180,144.0,57.615769742987226,134.44365491221163,75.0054798762393,209.44913478845092,-29.44913478845092,29.44913478845092,14.060279990201302,Medium,300.0219195049572,434.46557441716885,0.0,0.0,Low,4.799649313543596,50,100.0,8.56,15.52,856.0,457.05057191675826,0.0,14.060279990201302,Stockout,457.05057191675826,Review supplier timing and place or expedite the recommended order
70,SKU10001,WHITE METAL LANTERN,Home Decor,Home Decor,SUP110,2024-12-23,2024-12-29,2024-12-30,2025-02-17,43.53905508032058,8,7,1,142,0,142,82.0,73.549477503417,121.35663788063803,43.53905508032058,164.89569296095863,-22.895692960958627,22.895692960958627,13.88495511901615,Medium,348.31244064256464,469.66907852320264,0.0,0.0,Low,3.261439637080761,100,100.0,8.37,15.53,836.9999999999999,355.57011168368746,0.0,13.88495511901615,Stockout,355.57011168368746,Review supplier timing and place or expedite the recommended order
71,SKU10122,NAIL POLISH RED,Beauty,Beauty,SUP114,2024-12-23,2024-12-29,2024-12-30,2025-02-17,51.61195539549978,8,12,2,121,67,188,147.0,48.592892800997454,113.38920125628569,103.22391079099955,216.61311204728526,-28.613112047285256,28.613112047285256,13.209316729130926,Medium,412.8956431639982,526.2848444202839,0.0,0.0,Low,3.6425668928713435,10,90.0,3.01,4.68,270.9,133.90936438129498,0.0,13.209316729130926,Stockout,133.90936438129498,Review supplier timing and place or expedite the recommended order
72,SKU10034,COFFEE GRINDER MANUAL,Kitchenware,Kitchenware,SUP121,2024-12-23,2024-12-29,2024-12-30,2025-02-17,38.20037495925998,8,10,2,98,100,198,102.0,63.73070346467677,148.71256154588443,76.40074991851996,225.11331146440438,-27.113311464404376,27.113311464404376,12.044295065408061,Medium,305.60299967407985,454.31556121996425,0.0,0.0,Low,5.183195196674469,100,100.0,16.01,31.77,1601.0000000000002,861.389905224127,0.0,12.044295065408061,Stockout,861.389905224127,Review supplier timing and place or expedite the recommended order
73,SKU10080,PLAY DOUGH SET,Toys,Toys,SUP129,2024-12-23,2024-12-29,2024-12-30,2025-02-17,42.39973123953462,8,16,3,174,51,225,189.0,44.98076511987352,128.5498014090558,127.19919371860385,255.74899512765964,-30.74899512765964,30.74899512765964,12.023114738805033,Medium,339.19784991627694,467.74765132533275,0.0,0.0,Low,5.3066374107155685,50,100.0,3.04,6.69,304.0,205.710777404043,0.0,12.023114738805033,Stockout,205.710777404043,Review supplier timing and place or expedite the recommended order
74,SKU10131,HAND CREAM SHEA,Beauty,Beauty,SUP112,2024-12-23,2024-12-29,2024-12-30,2025-02-17,116.5195135653533,8,12,2,127,240,367,258.0,78.40452302494562,182.9532206918983,233.0390271307066,415.9922478226049,-48.992247822604895,48.992247822604895,11.777202118290267,Medium,932.1561085228263,1115.1093292147248,0.0,0.0,Low,3.14968702469014,20,180.0,15.42,27.03,2775.6,1324.2604586450104,0.0,11.777202118290267,Stockout,1324.2604586450104,Review supplier timing and place or expedite the recommended order
75,SKU10051,STICKY NOTES PACK,Stationery,Stationery,SUP123,2024-12-23,2024-12-29,2024-12-30,2025-02-17,119.80879907134403,8,3,1,188,0,188,72.0,54.79881619533631,90.41804672230491,119.80879907134403,210.22684579364892,-22.22684579364892,22.22684579364892,10.572791362412515,Medium,958.4703925707522,1048.8884392930572,0.0,0.0,Low,1.5691668847131113,100,200.0,6.94,11.03,1388.0,245.16210910394759,0.0,10.572791362412515,Stockout,245.16210910394759,Review supplier timing and place or expedite the recommended order
76,SKU10066,WHITEBOARD A3,Stationery,Stationery,SUP102,2024-12-23,2024-12-29,2024-12-30,2025-02-17,200.86941621769108,8,4,1,295,0,295,142.0,74.60245063686338,123.09404355082457,200.86941621769108,323.96345976851563,-28.963459768515634,28.963459768515634,8.94034771363466,Medium,1606.9553297415287,1730.0493732923533,0.0,0.0,Low,1.4686158079948588,100,300.0,3.12,5.9,936.0,170.88441263424224,0.0,8.94034771363466,Stockout,170.88441263424224,Review supplier timing and place or expedite the recommended order
77,SKU10132,EYESHADOW PALETTE,Beauty,Beauty,SUP104,2024-12-23,2024-12-29,2024-12-30,2025-02-17,13.892988441236742,8,10,2,82,53,135,84.0,5.899804429613978,13.766912675519768,27.785976882473484,41.552889557993254,93.44711044200675,0.0,0.0,Low,111.14390752989394,124.9108202054137,10.0891797945863,7.473466514453012,Medium,9.717131815880386,50,0.0,5.28,8.27,0.0,0.0,53.270869315415666,7.473466514453012,Overstock,53.270869315415666,Reduce or defer replenishment and monitor weekly demand
78,SKU10106,HEADPHONES OVER-EAR,Electronics,Electronics,SUP104,2024-12-23,2024-12-29,2024-12-30,2025-02-17,51.294764384463065,8,16,3,122,121,243,200.0,37.72810963208011,107.82255454788096,153.8842931533892,261.70684770127014,-18.706847701270135,18.706847701270135,7.148016135424899,Medium,410.3581150757045,518.1806696235855,0.0,0.0,Low,4.737325590944785,50,100.0,134.62,238.39,13462.0,4459.525423505787,0.0,7.148016135424899,Stockout,4459.525423505787,Review supplier timing and place or expedite the recommended order
79,SKU10104,PYJAMA SET COTTON,Apparel,Apparel,SUP128,2024-12-23,2024-12-29,2024-12-30,2025-02-17,10.5855442171271,8,22,4,101,12,113,104.0,6.216190605268281,20.513428997385326,42.3421768685084,62.85560586589373,50.14439413410627,0.0,0.0,Low,84.6843537370168,105.19778273440213,7.802217265597875,6.9046170491405565,Medium,10.674935334658496,10,0.0,38.26,72.48,0.0,0.0,298.51283258177466,6.9046170491405565,Overstock,298.51283258177466,Reduce or defer replenishment and monitor weekly demand
80,SKU10096,JACKET LIGHT NYLON,Apparel,Apparel,SUP107,2024-12-23,2024-12-29,2024-12-30,2025-02-17,190.3983885269819,8,20,3,0,933,933,823.0,150.2786301064349,429.47886734972195,571.1951655809457,1000.6740329306676,-67.67403293066764,67.67403293066764,6.762844912883719,Medium,1523.1871082158552,1952.6659755655771,0.0,0.0,Low,4.900251557894787,10,260.0,27.16,52.51,7061.6,3553.5634691893574,0.0,6.762844912883719,Stockout,3553.5634691893574,Review supplier timing and place or expedite the recommended order
81,SKU10130,SOAP BAR ARTISAN,Beauty,Beauty,SUP108,2024-12-23,2024-12-29,2024-12-30,2025-02-17,24.314265161675717,8,8,2,142,0,142,103.0,44.1464636908808,103.0136706760508,48.628530323351434,151.64220099940223,-9.642200999402235,9.642200999402235,6.358520870701857,Medium,194.51412129340574,297.52779196945653,0.0,0.0,Low,5.840192950754736,10,40.0,10.03,18.56,401.2,178.95925054890546,0.0,6.358520870701857,Stockout,178.95925054890546,Review supplier timing and place or expedite the recommended order
82,SKU10086,KNITTED UNION FLAG HOT WATER BOTTLE,Apparel,Apparel,SUP111,2024-12-23,2024-12-29,2024-12-30,2025-02-17,30.06291712792047,8,23,4,119,167,286,267.0,9.416297927883573,31.07378316201579,120.25166851168188,151.32545167369767,134.67454832630233,0.0,0.0,Low,240.50333702336377,271.57712018537956,14.422879814620444,5.0429649701293755,Medium,9.51338151194855,100,0.0,19.65,30.42,0.0,0.0,283.4095883572917,5.0429649701293755,Overstock,283.4095883572917,Reduce or defer replenishment and monitor weekly demand
83,SKU10112,KEYBOARD WIRELESS,Electronics,Electronics,SUP108,2024-12-23,2024-12-29,2024-12-30,2025-02-17,195.60547898650918,8,13,2,385,182,567,473.0,87.95118109730122,205.2298926719837,391.21095797301837,596.440850645002,-29.440850645002,29.440850645002,4.93608890355427,Medium,1564.8438318920735,1770.073724564057,0.0,0.0,Low,2.898691810361333,20,240.0,20.52,34.77,4924.8,1023.6583769267197,0.0,4.93608890355427,Stockout,1023.6583769267197,Review supplier timing and place or expedite the recommended order
84,SKU10070,PLUSH BEAR LARGE,Toys,Toys,SUP127,2024-12-23,2024-12-29,2024-12-30,2025-02-17,37.77991197514027,8,16,3,109,90,199,177.0,33.200440219509574,94.88300133484223,113.33973592542083,208.22273726026305,-9.222737260263045,9.222737260263045,4.4292652097311604,Medium,302.2392958011222,397.1222971359644,0.0,0.0,Low,5.267349488028052,20,60.0,25.61,41.08,1536.6,378.8700466516059,0.0,4.4292652097311604,Stockout,378.8700466516059,Review supplier timing and place or expedite the recommended order
85,SKU10091,BEANIE HAT WINTER,Apparel,Apparel,SUP116,2024-12-23,2024-12-29,2024-12-30,2025-02-17,58.755366161994615,8,20,3,270,100,370,280.0,73.53814638919705,210.16347963686965,176.26609848598383,386.4295781228535,-16.429578122853513,16.429578122853513,4.2516357579614965,Medium,470.0429292959569,680.2064089328265,0.0,0.0,Low,6.297297152057086,100,100.0,33.43,52.34,3343.0,859.924118950153,0.0,4.2516357579614965,Stockout,859.924118950153,Review supplier timing and place or expedite the recommended order
86,SKU10027,JAM MAKING SET WITH JARS,Kitchenware,Kitchenware,SUP112,2024-12-23,2024-12-29,2024-12-30,2025-02-17,44.72211243028843,8,11,2,215,0,215,164.0,57.19288103449276,133.45686424978152,89.44422486057687,222.90108911035838,-7.9010891103583845,7.9010891103583845,3.544661509666786,Medium,357.77689944230747,491.233763692089,0.0,0.0,Low,4.807465218355594,100,100.0,11.81,19.65,1181.0,155.25640101854225,0.0,3.544661509666786,Stockout,155.25640101854225,Review supplier timing and place or expedite the recommended order
87,SKU10136,COFFEE BEANS ARABICA,Food & Bev,Food & Bev,SUP101,2024-12-23,2024-12-29,2024-12-30,2025-02-17,54.52113916855413,8,1,1,127,0,127,13.0,46.50199885419872,76.72829810942788,54.52113916855413,131.249437277982,-4.249437277981997,4.249437277981997,3.237680378735226,Medium,436.16911334843303,512.8974114578609,0.0,0.0,Low,2.329371725109682,10,60.0,14.12,25.05,847.1999999999999,106.44840381344902,0.0,3.237680378735226,Stockout,106.44840381344902,Review supplier timing and place or expedite the recommended order
88,SKU10127,MAKEUP BRUSH SET,Beauty,Beauty,SUP123,2024-12-23,2024-12-29,2024-12-30,2025-02-17,51.89659840937245,8,11,2,125,0,125,122.0,10.419409895195724,24.313196796421863,103.7931968187449,128.10639361516678,-3.1063936151667804,3.1063936151667804,2.424854472505235,Medium,415.1727872749796,439.4859840714015,0.0,0.0,Low,2.4086357069874,100,100.0,26.63,57.69,2663.0,179.20784765897156,0.0,2.424854472505235,Stockout,179.20784765897156,Review supplier timing and place or expedite the recommended order
89,SKU10101,CAP SUMMER BASEBALL,Apparel,Apparel,SUP111,2024-12-23,2024-12-29,2024-12-30,2025-02-17,229.10269096993193,8,23,4,268,885,1153,1123.0,76.08177112446785,251.0698447107439,916.4107638797277,1167.4806085904715,-14.480608590471547,14.480608590471547,1.2403296880401247,Medium,1832.8215277594554,2083.8913724701993,0.0,0.0,Low,5.032677683176244,10,250.0,19.78,37.71,4945.0,546.063749946682,0.0,1.2403296880401247,Stockout,546.063749946682,Review supplier timing and place or expedite the recommended order
90,SKU10098,BACKPACK CASUAL,Apparel,Apparel,SUP112,2024-12-23,2024-12-29,2024-12-30,2025-02-17,20.62080088320382,8,20,3,177,0,177,158.0,3.819652286497333,10.916122515309024,61.86240264961146,72.77852516492048,104.22147483507952,0.0,0.0,Low,164.96640706563056,175.88252958093958,1.1174704190604245,0.6313392198045826,Medium,8.583565740367103,50,0.0,25.73,43.71,0.0,0.0,28.752513882424726,0.6313392198045826,Overstock,28.752513882424726,Reduce or defer replenishment and monitor weekly demand
91,SKU10053,DESK ORGANIZER MESH,Stationery,Stationery,SUP128,2024-12-23,2024-12-29,2024-12-30,2025-02-17,14.630508678184567,8,3,1,71,0,71,25.0,34.42382895611703,56.799317777593096,14.630508678184567,71.42982645577766,-0.42982645577765766,0.42982645577765766,0.6017464651657057,Medium,117.04406942547654,173.84338720306963,0.0,0.0,Low,4.852872963047931,20,20.0,3.76,5.9,75.19999999999999,2.53597608908818,0.0,0.6017464651657057,Stockout,2.53597608908818,Review supplier timing and place or expedite the recommended order
92,SKU10123,SHAMPOO HERBAL,Beauty,Beauty,SUP104,2024-12-23,2024-12-29,2024-12-30,2025-02-17,336.3758028965092,8,11,2,63,1012,1075,753.0,173.12015984162488,403.96764864756955,672.7516057930184,1076.719254440588,-1.7192544405879744,1.7192544405879744,0.1596752759362161,Medium,2691.0064231720735,3094.974071819643,0.0,0.0,Low,3.1958303502905028,100,400.0,4.08,6.43,1632.0,11.054806052980675,0.0,0.1596752759362161,Stockout,11.054806052980675,Review supplier timing and place or expedite the recommended order
93,SKU10023,BOOKEND PAIR METAL,Home Decor,Home Decor,SUP125,2024-12-23,2024-12-29,2024-12-30,2025-02-17,14.714608054682557,8,9,2,70,57,127,74.0,8.025600065431684,18.727355556881214,29.429216109365115,48.15657166624633,78.84342833375368,0.0,0.0,Low,117.71686443746046,136.44421999434167,0.0,0.0,Medium,8.630878887704075,50,0.0,15.09,24.34,0.0,0.0,0.0,0.0,Stockout,0.0,Reduce or defer replenishment and monitor weekly demand
94,SKU10067,LOVE BUILDING BLOCK WORD,Toys,Toys,SUP126,2024-12-23,2024-12-29,2024-12-30,2025-02-17,13.82992208713671,8,13,2,113,0,113,107.0,5.796771869115051,13.526491102220811,27.65984417427342,41.18633527649423,71.81366472350577,0.0,0.0,Low,110.63937669709368,124.1658677993145,0.0,0.0,Medium,8.17068955906136,20,0.0,3.1,6.31,0.0,0.0,0.0,0.0,Stockout,0.0,Reduce or defer replenishment and monitor weekly demand
95,SKU10084,FRISBEE BEACH,Toys,Toys,SUP104,2024-12-23,2024-12-29,2024-12-30,2025-02-17,20.641581659123073,8,14,2,18,151,169,127.0,5.8791243024879485,13.718656583701938,41.283163318246146,55.00181990194808,113.99818009805192,0.0,0.0,Low,165.13265327298458,178.85130985668653,0.0,0.0,Medium,8.187357092633748,20,0.0,11.35,22.72,0.0,0.0,0.0,0.0,Stockout,0.0,Reduce or defer replenishment and monitor weekly demand
96,SKU10000,WHITE HANGING HEART T-LIGHT HOLDER,Home Decor,Home Decor,SUP107,2024-12-23,2024-12-29,2024-12-30,2025-02-17,132.89336629804836,8,7,1,101,290,391,215.0,83.27410715868962,137.40227681183785,132.89336629804836,270.2956431098862,120.70435689011379,0.0,0.0,Low,1063.146930384387,1200.5492071962249,0.0,0.0,Low,2.9422085608327473,10,20.0,6.59,10.3,131.8,0.0,0.0,0.0,Stockout,0.0,Maintain current plan and monitor weekly
97,SKU10002,CREAM CUPID HEARTS COAT HANGER,Home Decor,Home Decor,SUP121,2024-12-23,2024-12-29,2024-12-30,2025-02-17,168.95527281568081,8,7,1,233,268,501,261.0,118.3447267898928,195.2687992033231,168.95527281568081,364.2240720190039,136.77592798099607,0.0,0.0,Low,1351.6421825254465,1546.9109817287697,0.0,0.0,Low,2.9652818266675722,10,40.0,4.47,9.34,178.79999999999998,0.0,0.0,0.0,Stockout,0.0,Maintain current plan and monitor weekly
98,SKU10003,GLASS STAR FROSTED T-LIGHT HOLDER,Home Decor,Home Decor,SUP127,2024-12-23,2024-12-29,2024-12-30,2025-02-17,148.8578649297085,8,6,1,122,209,331,163.0,71.93462131400811,118.69212516811338,148.8578649297085,267.5499900978219,63.450009902178124,0.0,0.0,Low,1190.862919437668,1309.5550446057814,0.0,0.0,Low,2.223597659124696,10,90.0,14.97,24.29,1347.3,0.0,0.0,0.0,Stockout,0.0,Maintain current plan and monitor weekly
99,SKU10004,WALL MIRROR ROUND,Home Decor,Home Decor,SUP111,2024-12-23,2024-12-29,2024-12-30,2025-02-17,18.430786433437753,8,9,2,101,0,101,68.0,4.253203920545426,9.924648802156705,36.861572866875505,46.78622166903221,54.21377833096779,0.0,0.0,Low,147.44629146750202,157.37094026965872,0.0,0.0,Low,5.479961496204112,10,0.0,9.16,16.01,0.0,0.0,0.0,0.0,Stockout,0.0,Maintain current plan and monitor weekly
100,SKU10005,WOODEN PHOTO FRAME,Home Decor,Home Decor,SUP127,2024-12-23,2024-12-29,2024-12-30,2025-02-17,17.56073665804963,8,6,1,116,0,116,34.0,3.882901373576696,6.406787266401548,17.56073665804963,23.96752392445118,92.03247607554883,0.0,0.0,Low,140.48589326439705,146.8926805307986,0.0,0.0,Low,6.605645438389225,100,0.0,4.77,8.34,0.0,0.0,0.0,0.0,Stockout,0.0,Maintain current plan and monitor weekly
101,SKU10006,CERAMIC VASE BLUE,Home Decor,Home Decor,SUP111,2024-12-23,2024-12-29,2024-12-30,2025-02-17,68.33859627391612,8,7,1,118,130,248,124.0,55.889543079551295,92.21774608125963,68.33859627391612,160.55634235517576,87.44365764482424,0.0,0.0,Low,546.708770191329,638.9265162725886,0.0,0.0,Low,3.6289887928918154,50,0.0,5.47,10.11,0.0,0.0,0.0,0.0,Stockout,0.0,Maintain current plan and monitor weekly
102,SKU10009,CUSHION COVER VINTAGE,Home Decor,Home Decor,SUP120,2024-12-23,2024-12-29,2024-12-30,2025-02-17,58.08451545342231,8,6,1,68,108,176,83.0,60.3028680697353,99.49973231506324,58.08451545342231,157.58424776848557,18.415752231514432,0.0,0.0,Low,464.6761236273785,564.1758559424418,0.0,0.0,Low,3.030067456465803,20,40.0,7.77,14.74,310.79999999999995,0.0,0.0,0.0,Stockout,0.0,Maintain current plan and monitor weekly
103,SKU10015,PHOTO FRAME SILVER,Home Decor,Home Decor,SUP114,2024-12-23,2024-12-29,2024-12-30,2025-02-17,105.34705805136119,8,6,1,5,302,307,140.0,70.1722240323124,115.78416965331546,105.34705805136119,221.13122770467663,85.86877229532337,0.0,0.0,Low,842.7764644108895,958.5606340642049,0.0,0.0,Low,2.914177250686245,10,20.0,4.83,9.15,96.6,0.0,0.0,0.0,Stockout,0.0,Maintain current plan and monitor weekly
104,SKU10018,LAMP SHADE FABRIC,Home Decor,Home Decor,SUP118,2024-12-23,2024-12-29,2024-12-30,2025-02-17,55.843704577003145,8,7,1,185,0,185,99.0,68.13852782647255,112.4285709136797,55.843704577003145,168.27227549068286,16.72772450931714,0.0,0.0,Low,446.74963661602516,559.1782075297049,0.0,0.0,Low,3.312817467990553,10,40.0,6.06,11.45,242.39999999999998,0.0,0.0,0.0,Stockout,0.0,Maintain current plan and monitor weekly
105,SKU10019,DOOR MAT WELCOME,Home Decor,Home Decor,SUP104,2024-12-23,2024-12-29,2024-12-30,2025-02-17,216.36671007331955,8,7,1,80,493,573,336.0,164.73128857596376,271.8066261503402,216.36671007331955,488.17333622365976,84.82666377634024,0.0,0.0,Low,1730.9336805865564,2002.7403067368966,0.0,0.0,Low,2.6482817056553163,20,140.0,11.08,18.22,1551.2,0.0,0.0,0.0,Stockout,0.0,Maintain current plan and monitor weekly
106,SKU10021,WIND CHIME BAMBOO,Home Decor,Home Decor,SUP102,2024-12-23,2024-12-29,2024-12-30,2025-02-17,525.0641849009029,8,9,2,768,989,1757,1187.0,189.0871119284332,441.225770962597,1050.1283698018058,1491.3541407644027,265.6458592355973,0.0,0.0,Low,4200.513479207223,4641.7392501698205,0.0,0.0,Low,3.3462575634093277,100,300.0,4.29,9.28,1287.0,0.0,0.0,0.0,Stockout,0.0,Maintain current plan and monitor weekly
107,SKU10025,SET OF 3 CAKE TINS PANTRY DESIGN,Kitchenware,Kitchenware,SUP106,2024-12-23,2024-12-29,2024-12-30,2025-02-17,27.19004251102619,8,10,2,110,0,110,102.0,9.642321244096614,22.499897435663417,54.38008502205238,76.8799824577158,33.1200175422842,0.0,0.0,Low,217.5203400882095,240.02023752387294,0.0,0.0,Low,4.04559867662555,10,0.0,3.64,6.77,0.0,0.0,0.0,0.0,Stockout,0.0,Maintain current plan and monitor weekly
108,SKU10031,SPICE RACK WOODEN,Kitchenware,Kitchenware,SUP100,2024-12-23,2024-12-29,2024-12-30,2025-02-17,234.52794820684457,8,8,2,357,355,712,399.0,100.34868695881848,234.1588822047638,469.05589641368914,703.214778618453,8.78522138154699,0.0,0.0,Low,1876.2235856547566,2110.38246785952,0.0,0.0,Low,3.035885511487286,10,230.0,20.82,40.53,4788.6,0.0,0.0,0.0,Stockout,0.0,Maintain current plan and monitor weekly
109,SKU10035,ELECTRIC KETTLE,Kitchenware,Kitchenware,SUP129,2024-12-23,2024-12-29,2024-12-30,2025-02-17,13.781009112142229,8,8,2,83,0,83,71.0,5.204780839741948,12.145108227025437,27.562018224284458,39.7071264513099,43.2928735486901,0.0,0.0,Low,110.24807289713783,122.39318112416326,0.0,0.0,Low,6.0227810115059,10,0.0,14.36,24.31,0.0,0.0,0.0,0.0,Stockout,0.0,Maintain current plan and monitor weekly
110,SKU10040,COOKIE JAR GLASS,Kitchenware,Kitchenware,SUP123,2024-12-23,2024-12-29,2024-12-30,2025-02-17,42.86062031475214,8,10,2,148,0,148,130.0,14.424871683204955,33.659751130302105,85.72124062950428,119.38099175980639,28.619008240193608,0.0,0.0,Low,342.8849625180171,376.5447136483192,0.0,0.0,Low,3.453053150261105,50,50.0,14.65,25.77,732.5,0.0,0.0,0.0,Stockout,0.0,Maintain current plan and monitor weekly
111,SKU10041,BREAD BIN METAL,Kitchenware,Kitchenware,SUP119,2024-12-23,2024-12-29,2024-12-30,2025-02-17,11.601346765603921,8,12,2,79,0,79,69.0,4.361839179250102,10.17814400490661,23.202693531207842,33.380837536114456,45.619162463885544,0.0,0.0,Low,92.81077412483137,102.98891812973798,0.0,0.0,Low,6.809554235049845,20,0.0,7.58,12.41,0.0,0.0,0.0,0.0,Stockout,0.0,Maintain current plan and monitor weekly
112,SKU10043,WINE GLASSES SET 6,Kitchenware,Kitchenware,SUP119,2024-12-23,2024-12-29,2024-12-30,2025-02-17,15.19784854678762,8,10,2,114,0,114,86.0,4.875369808458671,11.376443272765842,30.39569709357524,41.772140366341084,72.22785963365891,0.0,0.0,Low,121.58278837430096,132.95923164706682,0.0,0.0,Low,7.501061722588113,100,0.0,14.05,23.85,0.0,0.0,0.0,0.0,Stockout,0.0,Maintain current plan and monitor weekly
113,SKU10044,TEAPOT CERAMIC,Kitchenware,Kitchenware,SUP118,2024-12-23,2024-12-29,2024-12-30,2025-02-17,65.64240795576032,8,10,2,164,120,284,177.0,46.885567184970704,109.40523823769183,131.28481591152064,240.69005414921247,43.30994585078753,0.0,0.0,Low,525.1392636460826,634.5445018837744,0.0,0.0,Low,4.326471390132454,100,100.0,14.12,31.14,1412.0,0.0,0.0,0.0,Stockout,0.0,Maintain current plan and monitor weekly
114,SKU10045,CASSEROLE DISH OVAL,Kitchenware,Kitchenware,SUP107,2024-12-23,2024-12-29,2024-12-30,2025-02-17,700.0602874430178,8,8,2,700,1531,2231,1619.0,296.14161979424455,691.0323669086595,1400.1205748860357,2091.152941794695,139.84705820530507,0.0,0.0,Low,5600.482299544143,6291.514666452802,0.0,0.0,Low,3.1868683883623303,100,600.0,14.42,29.74,8652.0,0.0,0.0,0.0,Stockout,0.0,Maintain current plan and monitor weekly
115,SKU10047,PACK OF 72 RETROSPOT CAKE CASES,Stationery,Stationery,SUP102,2024-12-23,2024-12-29,2024-12-30,2025-02-17,263.1045789130179,8,4,1,186,596,782,275.0,168.1324645659654,277.41856653384286,263.1045789130179,540.5231454468608,241.47685455313922,0.0,0.0,Low,2104.8366313041433,2382.255197837986,0.0,0.0,Low,2.972202168547315,50,50.0,1.37,2.15,68.5,0.0,0.0,0.0,Stockout,0.0,Maintain current plan and monitor weekly
116,SKU10049,FOUNTAIN PEN BLUE,Stationery,Stationery,SUP104,2024-12-23,2024-12-29,2024-12-30,2025-02-17,132.1285677371844,8,6,1,0,312,312,140.0,68.53849751071027,113.08852089267194,132.1285677371844,245.21708862985633,66.78291137014367,0.0,0.0,Low,1057.0285418974752,1170.1170627901472,0.0,0.0,Low,2.361336426658284,10,70.0,2.78,4.28,194.6,0.0,0.0,0.0,Stockout,0.0,Maintain current plan and monitor weekly
117,SKU10052,PENCIL CASE CANVAS,Stationery,Stationery,SUP129,2024-12-23,2024-12-29,2024-12-30,2025-02-17,14.188385682313392,8,6,1,101,0,101,48.0,5.008966319485841,8.264794427151637,14.188385682313392,22.45318010946503,78.54681989053498,0.0,0.0,Low,113.50708545850713,121.77187988565878,0.0,0.0,Low,7.1184983451572,50,0.0,0.83,1.72,0.0,0.0,0.0,0.0,Stockout,0.0,Maintain current plan and monitor weekly
118,SKU10056,FOLDER PACK A4,Stationery,Stationery,SUP116,2024-12-23,2024-12-29,2024-12-30,2025-02-17,191.75289506233815,8,5,1,149,324,473,203.0,114.54939590658743,189.00650324586925,191.75289506233815,380.75939830820744,92.24060169179256,0.0,0.0,Low,1534.0231604987052,1723.0296637445745,0.0,0.0,Low,2.466716342646245,100,100.0,1.62,3.09,162.0,0.0,0.0,0.0,Stockout,0.0,Maintain current plan and monitor weekly
119,SKU10058,DIARY HARDCOVER,Stationery,Stationery,SUP118,2024-12-23,2024-12-29,2024-12-30,2025-02-17,17.305558103122337,8,7,1,106,0,106,72.0,41.68025419480535,68.77241942142882,17.305558103122337,86.07797752455116,19.92202247544884,0.0,0.0,Low,138.4444648249787,207.21688424640752,0.0,0.0,Low,6.125199740358276,20,0.0,2.35,4.13,0.0,0.0,0.0,0.0,Stockout,0.0,Maintain current plan and monitor weekly
120,SKU10059,HIGHLIGHTERS PACK,Stationery,Stationery,SUP129,2024-12-23,2024-12-29,2024-12-30,2025-02-17,199.10558482134905,8,7,1,218,326,544,299.0,157.11432225106105,259.23863171425074,199.10558482134905,458.3442165355998,85.6557834644002,0.0,0.0,Low,1592.8446785707924,1852.0833102850431,0.0,0.0,Low,2.732218689335678,10,120.0,7.32,13.64,878.4000000000001,0.0,0.0,0.0,Stockout,0.0,Maintain current plan and monitor weekly
121,SKU10060,ERASER PACK 10,Stationery,Stationery,SUP127,2024-12-23,2024-12-29,2024-12-30,2025-02-17,49.685978510003444,8,7,1,130,0,130,74.0,8.70676129842168,14.366156142395772,49.685978510003444,64.05213465239922,65.94786534760078,0.0,0.0,Low,397.48782808002755,411.8539842224233,0.0,0.0,Low,2.616432319508947,10,0.0,4.87,8.87,0.0,0.0,0.0,0.0,Stockout,0.0,Maintain current plan and monitor weekly
122,SKU10061,RULER SET METRIC,Stationery,Stationery,SUP116,2024-12-23,2024-12-29,2024-12-30,2025-02-17,44.451341769564124,8,3,1,117,0,117,32.0,40.4030971140859,66.66511023824174,44.451341769564124,111.11645200780586,5.8835479921941385,0.0,0.0,Low,355.610734156513,422.2758443947547,0.0,0.0,Low,2.632091526202478,100,100.0,4.37,7.74,437.0,0.0,0.0,0.0,Stockout,0.0,Maintain current plan and monitor weekly
123,SKU10062,SCISSORS OFFICE,Stationery,Stationery,SUP105,2024-12-23,2024-12-29,2024-12-30,2025-02-17,11.64888695964493,8,7,1,67,0,67,40.0,3.252218177939972,5.366159993600954,11.64888695964493,17.015046953245886,49.984953046754114,0.0,0.0,Low,93.19109567715944,98.5572556707604,0.0,0.0,Low,5.751622471065874,50,0.0,9.06,14.14,0.0,0.0,0.0,0.0,Stockout,0.0,Maintain current plan and monitor weekly
124,SKU10068,BABUSHKA BOXES NESTING,Toys,Toys,SUP108,2024-12-23,2024-12-29,2024-12-30,2025-02-17,52.86151512930385,8,12,2,96,119,215,162.0,45.28499496776794,105.67037919143439,105.7230302586077,211.3934094500421,3.6065905499579003,0.0,0.0,Low,422.8921210344308,528.5625002258652,0.0,0.0,Low,4.067231131648258,50,50.0,26.46,44.24,1323.0,0.0,0.0,0.0,Stockout,0.0,Maintain current plan and monitor weekly
125,SKU10072,TOY CAR DIE-CAST,Toys,Toys,SUP118,2024-12-23,2024-12-29,2024-12-30,2025-02-17,29.229665192643495,8,15,3,89,50,139,137.0,6.986250232255656,19.965891588483498,87.68899557793048,107.65488716641399,31.345112833586015,0.0,0.0,Low,233.83732154114796,253.80321312963144,0.0,0.0,Low,4.755442769662085,50,0.0,21.92,35.99,0.0,0.0,0.0,0.0,Stockout,0.0,Maintain current plan and monitor weekly
126,SKU10075,ACTION FIGURE HERO,Toys,Toys,SUP127,2024-12-23,2024-12-29,2024-12-30,2025-02-17,61.630454796407456,8,14,2,139,87,226,212.0,30.37986006280984,70.889956704307,123.26090959281491,194.15086629712192,31.849133702878078,0.0,0.0,Low,493.04363837125965,563.9335950755667,0.0,0.0,Low,3.667018209529324,10,30.0,6.76,14.76,202.79999999999998,0.0,0.0,0.0,Stockout,0.0,Maintain current plan and monitor weekly
127,SKU10081,COLORING SET CRAYON,Toys,Toys,SUP125,2024-12-23,2024-12-29,2024-12-30,2025-02-17,39.77943190748335,8,12,2,0,207,207,143.0,9.428543678502976,22.001057666883934,79.5588638149667,101.55992148185064,105.44007851814936,0.0,0.0,Low,318.2354552598668,340.2365129267507,0.0,0.0,Low,5.203694222718624,20,0.0,13.59,23.13,0.0,0.0,0.0,0.0,Stockout,0.0,Maintain current plan and monitor weekly
128,SKU10087,HAND WARMER UNION JACK,Apparel,Apparel,SUP100,2024-12-23,2024-12-29,2024-12-30,2025-02-17,271.90561910356615,8,22,4,283,1280,1563,1433.0,120.47714965811406,397.57459387177636,1087.6224764142646,1485.197070286041,77.80292971395897,0.0,0.0,Low,2175.244952828529,2572.8195467003056,0.0,0.0,Low,5.748318130213663,20,200.0,8.25,15.04,1650.0,0.0,0.0,0.0,Stockout,0.0,Maintain current plan and monitor weekly
129,SKU10090,SCARF KNITTED WOOL,Apparel,Apparel,SUP112,2024-12-23,2024-12-29,2024-12-30,2025-02-17,33.56908900382989,8,23,4,235,0,235,220.0,8.331281798754313,27.493229935889232,134.27635601531955,161.7695859512088,73.2304140487912,0.0,0.0,Low,268.5527120306391,296.04594196652835,0.0,0.0,Low,7.000487858731851,100,0.0,27.48,44.23,0.0,0.0,0.0,0.0,Stockout,0.0,Maintain current plan and monitor weekly
130,SKU10095,HOODIE FLEECE,Apparel,Apparel,SUP128,2024-12-23,2024-12-29,2024-12-30,2025-02-17,26.539855919265907,8,20,3,203,0,203,194.0,29.069324743200355,83.07675320495449,79.61956775779772,162.69632096275222,40.303679037247775,0.0,0.0,Low,212.31884735412726,295.39560055908174,0.0,0.0,Low,7.648873476085359,50,0.0,13.67,27.73,0.0,0.0,0.0,0.0,Stockout,0.0,Maintain current plan and monitor weekly
131,SKU10100,BELT LEATHER BLACK,Apparel,Apparel,SUP116,2024-12-23,2024-12-29,2024-12-30,2025-02-17,1942.8093575883604,8,21,3,1979,8047,10026,9197.0,361.6758358757347,1033.6275239510796,5828.428072765081,6862.055596716161,3163.944403283839,0.0,0.0,Low,15542.474860706883,16576.102384657963,0.0,0.0,Low,5.160568102495363,50,0.0,25.37,47.45,0.0,0.0,0.0,0.0,Stockout,0.0,Maintain current plan and monitor weekly
132,SKU10102,SHOES CASUAL CANVAS,Apparel,Apparel,SUP108,2024-12-23,2024-12-29,2024-12-30,2025-02-17,76.04523806357439,8,21,3,91,294,385,368.0,49.22762409825378,140.68683102222798,228.13571419072315,368.8225452129511,16.177454787048873,0.0,0.0,Low,608.3619045085951,749.048735530823,0.0,0.0,Low,5.06277591869904,20,60.0,34.06,56.95,2043.6000000000001,0.0,0.0,0.0,Stockout,0.0,Maintain current plan and monitor weekly
133,SKU10103,SLIPPERS HOUSE,Apparel,Apparel,SUP121,2024-12-23,2024-12-29,2024-12-30,2025-02-17,286.56762026154524,8,19,3,122,1399,1521,1314.0,142.66708602861917,407.72595858945766,859.7028607846357,1267.4288193740933,253.57118062590666,0.0,0.0,Low,2292.540962092362,2700.2669206818196,0.0,0.0,Low,5.307647802678509,10,40.0,40.22,72.98,1608.8,0.0,0.0,0.0,Stockout,0.0,Maintain current plan and monitor weekly
134,SKU10105,BLUETOOTH SPEAKER PORTABLE,Electronics,Electronics,SUP113,2024-12-23,2024-12-29,2024-12-30,2025-02-17,550.681402902113,8,15,3,908,1451,2359,2070.0,170.14277564023664,486.24828771697554,1652.0442087063388,2138.2924964233143,220.70750357668567,0.0,0.0,Low,4405.451223216904,4891.6995109338795,0.0,0.0,Low,4.2837836679575085,50,350.0,111.53,214.08,39035.5,0.0,0.0,0.0,Stockout,0.0,Maintain current plan and monitor weekly
135,SKU10113,MOUSE OPTICAL USB,Electronics,Electronics,SUP104,2024-12-23,2024-12-29,2024-12-30,2025-02-17,20.97956962841161,8,16,3,126,0,126,119.0,7.778174593052064,22.229119415757456,62.93870888523483,85.16782830099228,40.832171699007716,0.0,0.0,Low,167.83655702729288,190.06567644305034,0.0,0.0,Low,6.005842933468203,20,0.0,107.66,224.6,0.0,0.0,0.0,0.0,Stockout,0.0,Maintain current plan and monitor weekly
136,SKU10114,LED BULB SMART,Electronics,Electronics,SUP121,2024-12-23,2024-12-29,2024-12-30,2025-02-17,528.809779917862,8,12,2,411,1571,1982,1422.0,147.09372557170516,343.23620371176116,1057.619559835724,1400.8557635474851,581.1442364525149,0.0,0.0,Low,4230.478239342896,4573.714443054657,0.0,0.0,Low,3.748039607565232,100,0.0,129.57,246.86,0.0,0.0,0.0,0.0,Stockout,0.0,Maintain current plan and monitor weekly
137,SKU10116,FITNESS TRACKER,Electronics,Electronics,SUP111,2024-12-23,2024-12-29,2024-12-30,2025-02-17,18.865447498203718,8,16,3,117,33,150,125.0,26.08123404347979,74.53713710421339,56.59634249461115,131.13347959882452,18.866520401175478,0.0,0.0,Low,150.92357998562974,225.46071708984311,0.0,0.0,Low,7.951043833669057,20,0.0,48.27,103.42,0.0,0.0,0.0,0.0,Stockout,0.0,Maintain current plan and monitor weekly
138,SKU10121,LIP BALM NATURAL,Beauty,Beauty,SUP105,2024-12-23,2024-12-29,2024-12-30,2025-02-17,15.855078480394093,8,12,2,105,0,105,80.0,6.437072116723374,15.020601237582405,31.710156960788186,46.730758198370594,58.269241801629406,0.0,0.0,Low,126.84062784315275,141.86122908073514,0.0,0.0,Low,6.6224837757718955,20,0.0,4.8,8.64,0.0,0.0,0.0,0.0,Stockout,0.0,Maintain current plan and monitor weekly
139,SKU10124,CONDITIONER SILK,Beauty,Beauty,SUP114,2024-12-23,2024-12-29,2024-12-30,2025-02-17,26.300140483905178,8,9,2,130,0,130,88.0,9.060339043862982,21.141869686623693,52.600280967810356,73.74215065443406,56.257849345565944,0.0,0.0,Low,210.40112387124142,231.54299355786512,0.0,0.0,Low,4.942939376295565,10,0.0,22.55,35.02,0.0,0.0,0.0,0.0,Stockout,0.0,Maintain current plan and monitor weekly
140,SKU10129,FACE MASK PACK 5,Beauty,Beauty,SUP104,2024-12-23,2024-12-29,2024-12-30,2025-02-17,65.31640185910027,8,11,2,165,101,266,176.0,52.29967887335838,122.03881003126075,130.63280371820053,252.6716137494613,13.3283862505387,0.0,0.0,Low,522.5312148728021,644.5700249040628,0.0,0.0,Low,4.072483976900808,10,60.0,13.48,23.79,808.8000000000001,0.0,0.0,0.0,Stockout,0.0,Maintain current plan and monitor weekly
141,SKU10133,LIPSTICK MATTE,Beauty,Beauty,SUP126,2024-12-23,2024-12-29,2024-12-30,2025-02-17,17.245698217392167,8,9,2,108,0,108,72.0,9.003560549255093,21.009379773366447,34.491396434784335,55.50077620815078,52.49922379184922,0.0,0.0,Low,137.96558573913734,158.9749655125038,0.0,0.0,Low,6.262431282201305,10,0.0,25.88,55.47,0.0,0.0,0.0,0.0,Stockout,0.0,Maintain current plan and monitor weekly
142,SKU10134,FOUNDATION LIQUID,Beauty,Beauty,SUP117,2024-12-23,2024-12-29,2024-12-30,2025-02-17,15.07267471683694,8,8,2,117,0,117,86.0,35.22928560306843,82.20586026274809,30.14534943367388,112.35120969642196,4.648790303578039,0.0,0.0,Low,120.58139773469551,202.7872579974436,0.0,0.0,Low,7.762391360393726,100,100.0,7.04,13.23,704.0,0.0,0.0,0.0,Stockout,0.0,Maintain current plan and monitor weekly
143,SKU10135,TEA LOOSE LEAF EARL GREY,Food & Bev,Food & Bev,SUP124,2024-12-23,2024-12-29,2024-12-30,2025-02-17,16.192924150739373,8,2,1,31,0,31,13.0,5.20354908470396,8.585855989761534,16.192924150739373,24.778780140500906,6.221219859499094,0.0,0.0,Low,129.54339320591498,138.12924919567652,0.0,0.0,Low,1.9144164272877504,20,20.0,15.53,29.57,310.59999999999997,0.0,0.0,0.0,Stockout,0.0,Maintain current plan and monitor weekly
144,SKU10137,HONEY JAR ORGANIC,Food & Bev,Food & Bev,SUP116,2024-12-23,2024-12-29,2024-12-30,2025-02-17,72.95946778367217,8,4,1,57,145,202,69.0,69.76168223095189,115.10677568107062,72.95946778367217,188.0662434647428,13.933756535257203,0.0,0.0,Low,583.6757422693773,698.782517950448,0.0,0.0,Low,2.7686605472361494,10,60.0,6.58,13.03,394.8,0.0,0.0,0.0,Stockout,0.0,Maintain current plan and monitor weekly
145,SKU10138,OLIVE OIL EXTRA VIRGIN,Food & Bev,Food & Bev,SUP122,2024-12-23,2024-12-29,2024-12-30,2025-02-17,164.05330331802546,8,5,1,105,256,361,157.0,97.22996794541622,160.42944710993675,164.05330331802546,324.4827504279622,36.51724957203783,0.0,0.0,Low,1312.4264265442037,1472.8558736541404,0.0,0.0,Low,2.200504303776094,10,130.0,19.47,29.99,2531.1,0.0,0.0,0.0,Stockout,0.0,Maintain current plan and monitor weekly
146,SKU10139,CHOCOLATE BOX ASSORTED,Food & Bev,Food & Bev,SUP116,2024-12-23,2024-12-29,2024-12-30,2025-02-17,26.781252330297143,8,3,1,87,0,87,24.0,23.184599220724976,38.25458871419621,26.781252330297143,65.03584104449335,21.964158955506647,0.0,0.0,Low,214.25001864237714,252.50460735657336,0.0,0.0,Low,3.2485411409076823,10,10.0,13.27,22.06,132.7,0.0,0.0,0.0,Stockout,0.0,Maintain current plan and monitor weekly
147,SKU10142,PASTA DRY PENNE,Food & Bev,Food & Bev,SUP121,2024-12-23,2024-12-29,2024-12-30,2025-02-17,31.846743434470323,8,2,1,0,114,114,21.0,42.90329017327584,70.79042878590514,31.846743434470323,102.63717222037546,11.362827779624538,0.0,0.0,Low,254.77394747576258,325.5643762616677,0.0,0.0,Low,3.5796438726795694,20,40.0,2.51,4.29,100.39999999999999,0.0,0.0,0.0,Stockout,0.0,Maintain current plan and monitor weekly
148,SKU10143,SAUCE BOTTLE TOMATO,Food & Bev,Food & Bev,SUP121,2024-12-23,2024-12-29,2024-12-30,2025-02-17,300.38455131107065,8,1,1,48,653,701,70.0,154.95508033968076,255.67588256047324,300.38455131107065,556.0604338715439,144.93956612845614,0.0,0.0,Low,2403.076410488565,2658.7522930490386,0.0,0.0,Low,2.333675273712935,100,200.0,12.85,25.11,2570.0,0.0,0.0,0.0,Stockout,0.0,Maintain current plan and monitor weekly
149,SKU10145,NUT MIX ROASTED,Food & Bev,Food & Bev,SUP120,2024-12-23,2024-12-29,2024-12-30,2025-02-17,15.995833223496598,8,5,1,26,49,75,30.0,6.266516637593079,10.33975245202858,15.995833223496598,26.33558567552518,48.66441432447482,0.0,0.0,Low,127.96666578797279,138.30641824000136,0.0,0.0,Low,4.688721053294742,20,0.0,7.97,14.92,0.0,0.0,0.0,0.0,Stockout,0.0,Maintain current plan and monitor weekly
150,SKU10149,HERBAL TEA CHAMOMILE,Food & Bev,Food & Bev,SUP116,2024-12-23,2024-12-29,2024-12-30,2025-02-17,13.53052089151433,8,3,1,75,0,75,21.0,5.938790345620092,9.799004070273151,13.53052089151433,23.32952496178748,51.670475038212516,0.0,0.0,Low,108.24416713211464,118.0431712023878,0.0,0.0,Low,5.543023849660974,10,0.0,7.18,12.5,0.0,0.0,0.0,0.0,Stockout,0.0,Maintain current plan and monitor weekly
